environment,n_spatial_units,ici,linear_fe_r2,xgboost_r2,stgnn_r2,e1_stgnn_minus_xgboost,e2_stgnn_minus_linear_fe,best_reported_nonspatial_r2,best_reported_model,e4_stgnn_minus_best_reported,e1_positive,e2_positive,e4_positive,primary_ici_sample,source_notes,fold_outputs_status,formal_uncertainty_status
Japan (NDB),47,0.877,-4.827,-3.155,0.081,3.2359999999999998,4.908,-3.155,XGBoost,3.2359999999999998,True,True,True,True,High-ICI / High-SWH (spatial gain vs. XGBoost comparator),MISSING,NOT ESTIMABLE FROM AVAILABLE AGGREGATES
UK NHS (Full),68,0.967,0.928,0.268,0.736,0.46799999999999997,-0.19200000000000006,0.928,Linear+FE,-0.19200000000000006,True,False,False,True,High-ICI / High-SWH (spatial gain vs. XGBoost comparator),MISSING,NOT ESTIMABLE FROM AVAILABLE AGGREGATES
England NHS,42,0.889,0.918,0.783,0.101,-0.682,-0.8170000000000001,0.918,Linear+FE,-0.8170000000000001,False,False,False,False,High-ICI / Low-SWH (England paradox),MISSING,NOT ESTIMABLE FROM AVAILABLE AGGREGATES
South Korea (HIRA),17,0.197,0.753,0.875,-0.063,-0.938,-0.8160000000000001,0.875,XGBoost,-0.938,False,False,False,True,Low-ICI (geometric resolution limit),MISSING,NOT ESTIMABLE FROM AVAILABLE AGGREGATES
California,58,0.333,0.86,0.102,-0.209,-0.311,-1.069,0.86,Linear+FE,-1.069,False,False,False,True,Low-ICI,MISSING,NOT ESTIMABLE FROM AVAILABLE AGGREGATES
Texas,252,0.446,0.778,0.043,0.047,0.0040000000000000036,-0.731,0.778,Linear+FE,-0.731,True,False,False,True,Low-ICI,MISSING,NOT ESTIMABLE FROM AVAILABLE AGGREGATES
Florida,67,0.335,0.576,0.068,-0.296,-0.364,-0.8719999999999999,0.576,Linear+FE,-0.8719999999999999,False,False,False,True,Low-ICI Spatial Failure,MISSING,NOT ESTIMABLE FROM AVAILABLE AGGREGATES
New York,62,0.361,0.675,-0.345,0.083,0.428,-0.5920000000000001,0.675,Linear+FE,-0.5920000000000001,True,False,False,True,Low-ICI Spatial Advantage,MISSING,NOT ESTIMABLE FROM AVAILABLE AGGREGATES
Nebraska,93,0.76,0.52,-0.103,0.166,0.269,-0.354,0.52,Linear+FE,-0.354,True,False,False,True,Stochastic Transition,MISSING,NOT ESTIMABLE FROM AVAILABLE AGGREGATES
Mississippi,82,0.74,0.656,-0.336,0.05,0.386,-0.606,0.656,Linear+FE,-0.606,True,False,False,True,Stochastic Transition,MISSING,NOT ESTIMABLE FROM AVAILABLE AGGREGATES
Oklahoma,77,0.702,0.767,0.048,0.066,0.018000000000000002,-0.7010000000000001,0.767,Linear+FE,-0.7010000000000001,True,False,False,True,Stochastic Transition,MISSING,NOT ESTIMABLE FROM AVAILABLE AGGREGATES
Arkansas,75,0.669,0.835,0.026,0.045,0.019,-0.7899999999999999,0.835,Linear+FE,-0.7899999999999999,True,False,False,True,Stochastic Transition,MISSING,NOT ESTIMABLE FROM AVAILABLE AGGREGATES
Indiana,92,0.581,0.627,-0.154,0.119,0.273,-0.508,0.627,Linear+FE,-0.508,True,False,False,True,Low-ICI Spatial Advantage,MISSING,NOT ESTIMABLE FROM AVAILABLE AGGREGATES
North Carolina,100,0.484,0.455,-0.075,-0.167,-0.09200000000000001,-0.622,0.455,Linear+FE,-0.622,False,False,False,True,Low-ICI Spatial Failure,MISSING,NOT ESTIMABLE FROM AVAILABLE AGGREGATES
Michigan,83,0.423,0.816,-0.189,0.098,0.28700000000000003,-0.718,0.816,Linear+FE,-0.718,True,False,False,True,Low-ICI Residual Capture,MISSING,NOT ESTIMABLE FROM AVAILABLE AGGREGATES
Louisiana,64,0.421,0.9,-0.301,0.071,0.372,-0.8290000000000001,0.9,Linear+FE,-0.8290000000000001,True,False,False,True,Low-ICI Spatial Advantage,MISSING,NOT ESTIMABLE FROM AVAILABLE AGGREGATES
Ohio,88,0.402,0.641,-0.257,0.038,0.295,-0.603,0.641,Linear+FE,-0.603,True,False,False,True,Low-ICI Spatial Advantage,MISSING,NOT ESTIMABLE FROM AVAILABLE AGGREGATES
Wisconsin,72,0.394,0.437,-0.026,0.028,0.054,-0.409,0.437,Linear+FE,-0.409,True,False,False,True,Low-ICI Spatial Advantage,MISSING,NOT ESTIMABLE FROM AVAILABLE AGGREGATES
Pennsylvania,67,0.348,0.741,-1.25,-0.004,1.246,-0.745,0.741,Linear+FE,-0.745,True,False,False,False,Inconclusive (XGBoost collapse; excluded),MISSING,NOT ESTIMABLE FROM AVAILABLE AGGREGATES
Minnesota,87,0.246,0.755,0.037,0.056,0.019000000000000003,-0.699,0.755,Linear+FE,-0.699,True,False,False,True,Low-ICI Spatial Advantage,MISSING,NOT ESTIMABLE FROM AVAILABLE AGGREGATES
Kansas,94,0.746,0.533,-0.215,-0.05,0.16499999999999998,-0.5830000000000001,0.533,Linear+FE,-0.5830000000000001,True,False,False,True,Stochastic Transition,MISSING,NOT ESTIMABLE FROM AVAILABLE AGGREGATES
Iowa,99,0.716,0.384,-0.245,-0.046,0.199,-0.43,0.384,Linear+FE,-0.43,True,False,False,True,Stochastic Transition,MISSING,NOT ESTIMABLE FROM AVAILABLE AGGREGATES
Virginia,133,0.707,0.777,0.125,0.06,-0.065,-0.7170000000000001,0.777,Linear+FE,-0.7170000000000001,False,False,False,True,Stochastic Transition,MISSING,NOT ESTIMABLE FROM AVAILABLE AGGREGATES
Illinois,102,0.641,0.69,-0.175,0.012,0.187,-0.6779999999999999,0.69,Linear+FE,-0.6779999999999999,True,False,False,True,Stochastic Transition,MISSING,NOT ESTIMABLE FROM AVAILABLE AGGREGATES
Kentucky,120,0.551,0.806,-0.048,0.102,0.15,-0.7040000000000001,0.806,Linear+FE,-0.7040000000000001,True,False,False,True,Low-ICI Spatial Advantage,MISSING,NOT ESTIMABLE FROM AVAILABLE AGGREGATES
Missouri,115,0.492,0.647,-0.26,-0.066,0.194,-0.7130000000000001,0.647,Linear+FE,-0.7130000000000001,True,False,False,True,Low-ICI Spatial Advantage,MISSING,NOT ESTIMABLE FROM AVAILABLE AGGREGATES
Georgia,159,0.462,0.73,0.094,0.077,-0.017,-0.653,0.73,Linear+FE,-0.653,False,False,False,True,Low-ICI Marginal,MISSING,NOT ESTIMABLE FROM AVAILABLE AGGREGATES
Tennessee,95,0.452,0.424,-0.129,-0.298,-0.16899999999999998,-0.722,0.424,Linear+FE,-0.722,False,False,False,True,Low-ICI Spatial Failure,MISSING,NOT ESTIMABLE FROM AVAILABLE AGGREGATES
Montana,54,0.738,0.889,0.624,0.116,-0.508,-0.773,0.889,Linear+FE,-0.773,False,False,False,True,Stochastic Transition,MISSING,NOT ESTIMABLE FROM AVAILABLE AGGREGATES
North Dakota,48,0.721,0.695,-0.248,0.061,0.309,-0.6339999999999999,0.695,Linear+FE,-0.6339999999999999,True,False,False,True,Stochastic Transition,MISSING,NOT ESTIMABLE FROM AVAILABLE AGGREGATES
South Dakota,63,0.714,0.427,-0.158,0.064,0.222,-0.363,0.427,Linear+FE,-0.363,True,False,False,True,Stochastic Transition,MISSING,NOT ESTIMABLE FROM AVAILABLE AGGREGATES
South Carolina,46,0.592,0.673,-0.15,0.032,0.182,-0.641,0.673,Linear+FE,-0.641,True,False,False,True,Low-ICI Spatial Advantage,MISSING,NOT ESTIMABLE FROM AVAILABLE AGGREGATES
West Virginia,55,0.554,0.723,0.151,0.122,-0.028999999999999998,-0.601,0.723,Linear+FE,-0.601,False,False,False,True,Low-ICI Marginal,MISSING,NOT ESTIMABLE FROM AVAILABLE AGGREGATES
Idaho,44,0.467,0.663,0.011,0.051,0.039999999999999994,-0.612,0.663,Linear+FE,-0.612,True,False,False,True,Low-ICI Marginal,MISSING,NOT ESTIMABLE FROM AVAILABLE AGGREGATES
Alabama,67,0.439,0.926,0.347,0.152,-0.19499999999999998,-0.774,0.926,Linear+FE,-0.774,False,False,False,True,Low-ICI Spatial Failure,MISSING,NOT ESTIMABLE FROM AVAILABLE AGGREGATES
Washington,38,0.431,0.682,0.139,0.123,-0.016000000000000014,-0.559,0.682,Linear+FE,-0.559,False,False,False,True,Low-ICI Marginal (N<47),MISSING,NOT ESTIMABLE FROM AVAILABLE AGGREGATES
Maryland,24,0.391,0.687,-0.062,0.097,0.159,-0.5900000000000001,0.687,Linear+FE,-0.5900000000000001,True,False,False,True,Low-ICI (N<47),MISSING,NOT ESTIMABLE FROM AVAILABLE AGGREGATES
Colorado,62,0.39,0.697,-0.053,0.046,0.099,-0.6509999999999999,0.697,Linear+FE,-0.6509999999999999,True,False,False,True,Low-ICI Spatial Advantage,MISSING,NOT ESTIMABLE FROM AVAILABLE AGGREGATES
Wyoming,22,0.374,0.907,-0.393,0.156,0.549,-0.751,0.907,Linear+FE,-0.751,True,False,False,True,Low-ICI Residual Capture (N<47),MISSING,NOT ESTIMABLE FROM AVAILABLE AGGREGATES
New Mexico,33,0.337,0.636,-0.037,0.03,0.067,-0.606,0.636,Linear+FE,-0.606,True,False,False,True,Low-ICI (N<47),MISSING,NOT ESTIMABLE FROM AVAILABLE AGGREGATES
Utah,29,0.291,0.861,-0.044,0.176,0.21999999999999997,-0.685,0.861,Linear+FE,-0.685,True,False,False,True,Low-ICI (N<47),MISSING,NOT ESTIMABLE FROM AVAILABLE AGGREGATES
New Jersey,21,0.237,0.906,0.294,0.11,-0.184,-0.796,0.906,Linear+FE,-0.796,False,False,False,True,Low-ICI (N<47),MISSING,NOT ESTIMABLE FROM AVAILABLE AGGREGATES
Oregon,36,0.234,0.739,0.279,0.101,-0.17800000000000002,-0.638,0.739,Linear+FE,-0.638,False,False,False,True,Low-ICI (N<47),MISSING,NOT ESTIMABLE FROM AVAILABLE AGGREGATES
Vermont,14,0.146,-0.231,-0.344,0.106,0.44999999999999996,0.337,-0.231,Linear+FE,0.337,True,True,True,True,"Scenario B: Linear+FE collapse (N≤17, excluded from Resolution-adjusted)",MISSING,NOT ESTIMABLE FROM AVAILABLE AGGREGATES
Massachusetts,14,0.117,0.753,-0.116,0.246,0.362,-0.507,0.753,Linear+FE,-0.507,True,False,False,True,"Low-ICI (N≤17, excluded from Resolution-adjusted)",MISSING,NOT ESTIMABLE FROM AVAILABLE AGGREGATES
Maine,16,0.115,0.9,-0.026,-0.042,-0.016000000000000004,-0.9420000000000001,0.9,Linear+FE,-0.9420000000000001,False,False,False,True,"Low-ICI (N≤17, excluded from Resolution-adjusted)",MISSING,NOT ESTIMABLE FROM AVAILABLE AGGREGATES
Nevada,15,0.088,0.914,0.129,0.225,0.096,-0.6890000000000001,0.914,Linear+FE,-0.6890000000000001,True,False,False,True,"Low-ICI (N≤17, excluded from Resolution-adjusted)",MISSING,NOT ESTIMABLE FROM AVAILABLE AGGREGATES
New Hampshire,10,0.084,0.507,0.053,0.124,0.07100000000000001,-0.383,0.507,Linear+FE,-0.383,True,False,False,True,"Low-ICI (N≤17, excluded from Resolution-adjusted)",MISSING,NOT ESTIMABLE FROM AVAILABLE AGGREGATES
Arizona,15,0.083,0.656,-0.039,0.157,0.196,-0.499,0.656,Linear+FE,-0.499,True,False,False,True,"Low-ICI (N≤17, excluded from Resolution-adjusted)",MISSING,NOT ESTIMABLE FROM AVAILABLE AGGREGATES
Delaware,3,0.034,0.453,0.706,0.176,-0.53,-0.277,0.706,XGBoost,-0.53,False,False,False,True,"Low-ICI (N≤17, excluded from Resolution-adjusted)",MISSING,NOT ESTIMABLE FROM AVAILABLE AGGREGATES
Rhode Island,5,0.019,0.614,0.445,0.137,-0.308,-0.477,0.614,Linear+FE,-0.477,False,False,False,True,"Low-ICI (N≤17, excluded from Resolution-adjusted)",MISSING,NOT ESTIMABLE FROM AVAILABLE AGGREGATES
